<?xml version="1.0"?>
<doc>
    <assembly>
        <name>TextAdvance</name>
    </assembly>
    <members>
        <member name="T:TextAdvance.Native.IdleTimeFinder">
            <summary>
            Helps to find the idle time, (in milliseconds) spent since the last user input
            </summary>
        </member>
        <member name="M:TextAdvance.Native.IdleTimeFinder.GetLastInputTime">
            <summary>
            Get the Last input time in milliseconds
            </summary>
            <returns></returns>
        </member>
    </members>
</doc>
