<?xml version="1.0"?>
<doc>
    <assembly>
        <name>Splatoon</name>
    </assembly>
    <members>
        <member name="F:Splatoon.Element.type">
            <summary>
            0: Object at fixed coordinates |
            1: Object relative to actor position | 
            2: Line between two fixed coordinates
            </summary>
        </member>
        <member name="F:Splatoon.Element.refActorType">
            <summary>
            0: Game object with specific name |
            1: Self |
            2: Targeted enemy
            </summary>
        </member>
        <member name="F:Splatoon.Layout.DCond">
            <summary>
            0: Always shown |
            1: Only in combat |
            2: Only in instance |
            3: Only in combat AND instance |
            4: Only in combat OR instance |
            5: Never
            </summary>
        </member>
        <member name="F:Splatoon.Layout.TriggerCondition">
            <summary>
            0: Unchanged |
            -1: Hidden |
            1: Shown
            </summary>
        </member>
        <member name="F:Splatoon.Trigger.Type">
            <summary>
            0: Show at time |
            1: Hide at time |
            2: Show at text |
            3: Hide at text
            </summary>
        </member>
        <member name="F:Splatoon.Trigger.FiredState">
            <summary>
            0: not fired |
            1: fired but not ended |
            2: fired and ended
            </summary>
        </member>
    </members>
</doc>
